id,crewId,airport,startTime,endTime,isDuty
grd_100001,Crew_10319,DOMU,2025/5/31 19:45,2025/5/31 21:45,1
grd_100002,Crew_10319,DOMU,2025/5/31 21:46,2025/5/31 23:45,1
grd_100003,Crew_10319,DOMU,2025/6/1 10:15,2025/6/1 12:15,1
grd_100004,Crew_10319,DOMU,2025/6/1 12:16,2025/6/1 14:15,1
grd_100005,Crew_10319,DOMU,2025/6/2 16:30,2025/6/2 17:30,1
grd_100006,Crew_10319,DOMU,2025/6/2 18:30,2025/6/2 19:30,1
grd_100007,Crew_10319,DOMU,2025/6/3 19:45,2025/6/3 23:45,1
grd_100008,Crew_10319,DOMU,2025/6/4 16:30,2025/6/4 20:30,1
grd_100009,Crew_10319,DOMU,2025/6/6 11:15,2025/6/6 15:15,1
grd_100010,Crew_10324,OXSQ,2025/5/31 8:00,2025/5/31 16:30,1
grd_100011,Crew_10324,OXSQ,2025/6/1 8:00,2025/6/1 16:30,1
grd_100012,Crew_10324,OXSQ,2025/6/3 8:00,2025/6/3 16:30,1
grd_100013,Crew_10324,OXSQ,2025/6/4 8:00,2025/6/4 16:30,1
grd_100014,Crew_10324,OXSQ,2025/6/5 8:00,2025/6/5 16:30,1
grd_100015,Crew_10324,OXSQ,2025/6/6 8:00,2025/6/6 16:30,1
grd_100016,Crew_11667,DOMU,2025/6/6 12:15,2025/6/6 14:15,1
grd_100017,Crew_11336,DOMU,2025/5/31 0:01,2025/6/1 23:59,0
grd_100018,Crew_11336,DOMU,2025/6/2 14:30,2025/6/2 16:00,1
grd_100019,Crew_11336,DOMU,2025/6/3 0:01,2025/6/5 23:59,0
grd_100020,Crew_10004,DOMU,2025/6/4 0:00,2025/6/4 23:59,1
grd_100021,Crew_10004,DOMU,2025/6/5 0:00,2025/6/5 23:59,1
grd_100022,Crew_11349,HZPW,2025/5/29 5:00,2025/5/29 18:59,1
grd_100023,Crew_11350,DOMU,2025/6/5 6:00,2025/6/5 8:00,1
grd_100024,Crew_11340,EYWR,2025/6/4 20:45,2025/6/4 22:45,1
grd_100025,Crew_11331,DOMU,2025/5/29 9:15,2025/5/29 15:15,1
grd_100026,Crew_11331,DOMU,2025/5/30 13:30,2025/5/30 19:30,1
grd_100027,Crew_11331,DOMU,2025/5/31 18:30,2025/6/1 0:30,1
grd_100028,Crew_11331,DOMU,2025/6/3 6:00,2025/6/3 12:00,1
grd_100029,Crew_11331,DOMU,2025/6/4 12:15,2025/6/4 18:15,1
grd_100030,Crew_11331,DOMU,2025/6/5 18:30,2025/6/6 0:30,1
grd_100031,Crew_11331,DOMU,2025/6/6 20:45,2025/6/7 0:45,1
grd_100032,Crew_10069,DOMU,2025/6/1 14:30,2025/6/1 16:30,1
grd_100033,Crew_10068,DOMU,2025/5/31 18:30,2025/5/31 20:30,1
grd_100034,Crew_10068,DOMU,2025/6/1 0:00,2025/6/7 23:59,0
grd_100035,Crew_11351,NLLA,2025/5/31 10:15,2025/5/31 14:15,1
grd_100036,Crew_11351,NLLA,2025/5/31 15:15,2025/5/31 17:15,1
grd_100037,Crew_11351,NLLA,2025/6/1 6:00,2025/6/1 10:00,1
grd_100038,Crew_11351,NLLA,2025/6/2 11:15,2025/6/2 15:15,1
grd_100039,Crew_11351,NLLA,2025/6/3 5:00,2025/6/3 18:00,1
grd_100040,Crew_11378,DOMU,2025/5/29 10:15,2025/5/29 16:15,1
grd_100041,Crew_11378,DOMU,2025/5/30 14:30,2025/5/30 20:30,1
grd_100042,Crew_11378,DOMU,2025/5/31 17:30,2025/5/31 23:30,1
grd_100043,Crew_11378,DOMU,2025/6/1 18:30,2025/6/2 0:30,1
grd_100044,Crew_11378,DOMU,2025/6/3 6:00,2025/6/3 12:00,1
grd_100045,Crew_11378,DOMU,2025/6/4 6:00,2025/6/4 12:00,1
grd_100046,Crew_11378,DOMU,2025/6/5 10:15,2025/6/5 16:15,1
grd_100047,Crew_11378,DOMU,2025/6/6 10:15,2025/6/6 16:15,1
grd_100048,Crew_10078,OXSQ,2025/5/31 8:00,2025/5/31 16:30,1
grd_100049,Crew_10078,OXSQ,2025/6/1 8:00,2025/6/1 16:30,1
grd_100050,Crew_10078,OXSQ,2025/6/3 8:00,2025/6/3 16:30,1
grd_100051,Crew_10078,OXSQ,2025/6/4 8:00,2025/6/4 16:30,1
grd_100052,Crew_10078,OXSQ,2025/6/5 8:00,2025/6/5 16:30,1
grd_100053,Crew_10078,OXSQ,2025/6/6 8:00,2025/6/6 16:30,1
grd_100054,Crew_10084,OXSQ,2025/5/29 0:00,2025/5/29 23:59,0
grd_100055,Crew_10084,OXSQ,2025/5/30 0:00,2025/5/30 23:59,0
grd_100056,Crew_10084,OXSQ,2025/5/31 0:00,2025/5/31 23:59,0
grd_100057,Crew_10084,OXSQ,2025/6/1 0:00,2025/6/2 23:59,0
grd_100058,Crew_10104,HZPW,2025/5/29 0:00,2025/5/29 23:59,0
grd_100059,Crew_10104,HZPW,2025/5/30 0:00,2025/5/30 23:59,0
grd_100060,Crew_10136,DOMU,2025/6/2 14:30,2025/6/2 16:30,1
grd_100061,Crew_10136,DOMU,2025/6/2 16:31,2025/6/2 18:30,1
grd_100062,Crew_10136,DOMU,2025/6/3 7:00,2025/6/3 9:00,1
grd_100063,Crew_10136,DOMU,2025/6/3 9:01,2025/6/3 11:00,1
grd_100064,Crew_10136,DOMU,2025/6/4 20:45,2025/6/4 22:45,1
grd_100065,Crew_10136,DOMU,2025/6/4 22:46,2025/6/5 0:45,1
grd_100066,Crew_10136,DOMU,2025/6/5 20:45,2025/6/6 0:45,1
grd_100067,Crew_10136,DOMU,2025/6/6 20:45,2025/6/6 22:45,1
grd_100068,Crew_11396,DOMU,2025/6/3 15:30,2025/6/3 19:30,1
grd_100069,Crew_11453,DOMU,2025/6/3 16:30,2025/6/3 18:30,1
grd_100070,Crew_11447,DOMU,2025/6/6 10:15,2025/6/6 14:15,1
grd_100071,Crew_11417,DOMU,2025/5/29 20:45,2025/5/30 0:45,1
grd_100072,Crew_11417,DOMU,2025/5/30 15:30,2025/5/30 17:30,1
grd_100073,Crew_11417,DOMU,2025/5/30 17:31,2025/5/30 19:30,1
grd_100074,Crew_11361,DOMU,2025/5/30 0:00,2025/5/30 23:59,1
grd_100075,Crew_11368,DOMU,2025/5/29 0:00,2025/5/29 23:59,0
grd_100076,Crew_11365,HZPW,2025/5/31 8:00,2025/5/31 16:30,1
grd_100077,Crew_11365,HZPW,2025/6/1 8:00,2025/6/1 16:30,1
grd_100078,Crew_11365,HZPW,2025/6/3 8:00,2025/6/3 16:30,1
grd_100079,Crew_11365,HZPW,2025/6/4 8:00,2025/6/4 16:30,1
grd_100080,Crew_11365,HZPW,2025/6/5 8:00,2025/6/5 16:30,1
grd_100081,Crew_11365,HZPW,2025/6/6 8:00,2025/6/6 16:30,1
grd_100082,Crew_11432,NLLA,2025/5/29 0:00,2025/5/29 23:59,0
grd_100083,Crew_11432,NLLA,2025/5/30 0:00,2025/5/30 23:59,0
grd_100084,Crew_11432,NLLA,2025/5/31 0:00,2025/5/31 23:59,0
grd_100085,Crew_11444,DOMU,2025/5/30 0:00,2025/5/31 23:59,0
grd_100086,Crew_11444,DOMU,2025/6/1 0:00,2025/6/2 23:59,0
grd_100087,Crew_11454,HZPW,2025/6/5 6:00,2025/6/5 12:00,1
grd_100088,Crew_11454,HZPW,2025/6/6 12:15,2025/6/6 18:15,1
grd_100089,Crew_11460,EYWR,2025/6/1 0:00,2025/6/5 23:59,0
grd_100090,Crew_11451,DOMU,2025/5/31 20:45,2025/6/1 0:45,1
grd_100091,Crew_11451,DOMU,2025/6/1 16:30,2025/6/1 20:30,1
grd_100092,Crew_11439,HZPW,2025/5/29 0:00,2025/5/29 23:59,0
grd_100093,Crew_11439,HZPW,2025/5/30 0:00,2025/5/30 23:59,0
grd_100094,Crew_11439,HZPW,2025/5/31 0:00,2025/5/31 23:59,0
grd_100095,Crew_11461,DOMU,2025/5/30 15:30,2025/5/30 19:30,1
grd_100096,Crew_11461,DOMU,2025/5/31 13:15,2025/5/31 15:15,1
grd_100097,Crew_11461,DOMU,2025/5/31 15:16,2025/5/31 17:15,1
grd_100098,Crew_11461,DOMU,2025/5/31 17:16,2025/5/31 19:15,1
grd_100099,Crew_11461,DOMU,2025/6/1 19:45,2025/6/1 23:45,1
grd_100100,Crew_11461,DOMU,2025/6/5 6:00,2025/6/5 8:00,1
grd_100101,Crew_11461,DOMU,2025/6/5 8:01,2025/6/5 10:00,1
grd_100102,Crew_11461,DOMU,2025/6/5 10:01,2025/6/5 12:00,1
grd_100103,Crew_11461,DOMU,2025/6/6 10:15,2025/6/6 12:15,1
grd_100104,Crew_11463,DOMU,2025/6/5 8:00,2025/6/5 10:00,1
grd_100105,Crew_11469,DOMU,2025/5/29 0:01,2025/5/30 23:59,0
grd_100106,Crew_10156,EYWR,2025/5/29 0:00,2025/5/29 23:59,0
grd_100107,Crew_10206,DOMU,2025/6/1 20:45,2025/6/2 0:45,1
grd_100108,Crew_10206,DOMU,2025/6/2 16:30,2025/6/2 20:30,1
grd_100109,Crew_10206,DOMU,2025/6/3 15:30,2025/6/3 19:30,1
grd_100110,Crew_10206,DOMU,2025/6/4 0:00,2025/6/4 23:59,1
grd_100111,Crew_10207,EYWR,2025/5/29 12:00,2025/5/29 23:59,1
grd_100112,Crew_10207,EYWR,2025/6/4 20:45,2025/6/4 22:45,1
grd_100113,Crew_11483,DOMU,2025/6/1 6:00,2025/6/1 8:00,1
grd_100114,Crew_11483,DOMU,2025/6/1 8:01,2025/6/1 10:00,1
grd_100115,Crew_11483,DOMU,2025/6/1 14:15,2025/6/1 16:15,1
grd_100116,Crew_11483,DOMU,2025/6/2 6:00,2025/6/2 8:00,1
grd_100117,Crew_11483,DOMU,2025/6/2 8:01,2025/6/2 10:00,1
grd_100118,Crew_11483,DOMU,2025/6/3 12:15,2025/6/3 13:15,1
grd_100119,Crew_11483,DOMU,2025/6/3 14:15,2025/6/3 15:15,1
grd_100120,Crew_10218,DOMU,2025/6/4 10:15,2025/6/4 12:15,1
grd_100121,Crew_10220,DOMU,2025/6/3 16:30,2025/6/3 18:30,1
grd_100122,Crew_11486,DOMU,2025/6/1 6:00,2025/6/1 12:00,1
grd_100123,Crew_11492,DOMU,2025/5/30 0:00,2025/5/30 23:59,1
grd_100124,Crew_11494,DOMU,2025/6/2 6:00,2025/6/2 12:00,1
grd_100125,Crew_11494,DOMU,2025/6/3 12:15,2025/6/3 18:15,1
grd_100126,Crew_11494,DOMU,2025/6/4 18:30,2025/6/5 0:30,1
grd_100127,Crew_11503,DOMU,2025/5/29 0:00,2025/5/29 23:59,1
grd_100128,Crew_11508,DOMU,2025/6/2 0:01,2025/6/3 23:59,0
grd_100129,Crew_11509,DOMU,2025/5/29 0:00,2025/5/29 23:59,1
grd_100130,Crew_11509,DOMU,2025/6/6 0:00,2025/6/6 23:59,1
grd_100131,Crew_11511,DOMU,2025/6/6 14:15,2025/6/6 16:15,1
grd_100132,Crew_11510,DOMU,2025/5/29 8:10,2025/5/29 17:30,1
grd_100133,Crew_11510,DOMU,2025/5/30 20:45,2025/5/31 0:45,1
grd_100134,Crew_11510,DOMU,2025/5/31 14:30,2025/5/31 18:30,1
grd_100135,Crew_11510,DOMU,2025/6/1 11:15,2025/6/1 15:15,1
grd_100136,Crew_11519,DOMU,2025/5/29 20:45,2025/5/30 0:45,1
grd_100137,Crew_11519,DOMU,2025/5/30 14:30,2025/5/30 18:30,1
grd_100138,Crew_11519,DOMU,2025/5/31 10:15,2025/5/31 14:15,1
grd_100139,Crew_11519,DOMU,2025/6/1 6:00,2025/6/1 10:00,1
grd_100140,Crew_11519,DOMU,2025/6/1 12:15,2025/6/1 14:15,1
grd_100141,Crew_10178,DOMU,2025/5/29 0:00,2025/5/31 23:59,0
grd_100142,Crew_10179,DOMU,2025/5/29 8:10,2025/5/29 17:30,1
grd_100143,Crew_10179,DOMU,2025/5/30 10:15,2025/5/30 14:15,1
grd_100144,Crew_10179,DOMU,2025/5/31 7:00,2025/5/31 11:00,1
grd_100145,Crew_10179,DOMU,2025/6/1 6:00,2025/6/1 10:00,1
grd_100146,Crew_11526,DOMU,2025/5/31 0:01,2025/6/1 23:59,0
grd_100147,Crew_10163,DOMU,2025/6/6 10:15,2025/6/6 12:15,1
grd_100148,Crew_10195,DOMU,2025/6/1 6:00,2025/6/1 12:00,1
grd_100149,Crew_10195,DOMU,2025/6/2 10:15,2025/6/2 16:15,1
grd_100150,Crew_10237,OXSQ,2025/6/4 14:15,2025/6/4 16:15,1
grd_100151,Crew_11543,NLLA,2025/6/6 5:00,2025/6/6 18:00,1
grd_100152,Crew_11562,EYWR,2025/5/29 6:00,2025/5/29 10:00,1
grd_100153,Crew_11562,EYWR,2025/5/30 19:45,2025/5/30 21:45,1
grd_100154,Crew_11562,EYWR,2025/5/30 21:46,2025/5/30 23:45,1
grd_100155,Crew_11562,EYWR,2025/5/31 11:15,2025/5/31 13:15,1
grd_100156,Crew_11562,EYWR,2025/5/31 13:16,2025/5/31 15:15,1
grd_100157,Crew_11562,EYWR,2025/6/2 7:00,2025/6/2 11:00,1
grd_100158,Crew_11562,EYWR,2025/6/3 6:00,2025/6/3 8:00,1
grd_100159,Crew_11562,EYWR,2025/6/3 8:01,2025/6/3 10:00,1
grd_100160,Crew_11562,EYWR,2025/6/4 12:15,2025/6/4 14:15,1
grd_100161,Crew_11562,EYWR,2025/6/4 14:16,2025/6/4 16:15,1
grd_100162,Crew_11562,EYWR,2025/6/6 6:00,2025/6/6 10:00,1
grd_100163,Crew_10254,DOMU,2025/5/30 18:45,2025/5/30 20:45,1
grd_100164,Crew_10287,HZPW,2025/6/2 0:00,2025/6/6 23:59,0
grd_100165,Crew_10264,DOMU,2025/6/2 20:45,2025/6/3 0:45,1
grd_100166,Crew_10272,DOMU,2025/6/5 8:00,2025/6/5 10:00,1
grd_100167,Crew_10277,DOMU,2025/5/29 0:00,2025/5/29 23:59,0
grd_100168,Crew_10277,DOMU,2025/6/4 0:01,2025/6/5 23:59,0
grd_100169,Crew_10277,DOMU,2025/6/6 14:30,2025/6/6 16:00,1
grd_100170,Crew_10280,DOMU,2025/5/31 7:00,2025/5/31 11:00,1
grd_100171,Crew_10280,DOMU,2025/6/1 7:00,2025/6/1 9:00,1
grd_100172,Crew_10280,DOMU,2025/6/1 9:01,2025/6/1 11:00,1
grd_100173,Crew_10280,DOMU,2025/6/3 7:00,2025/6/3 9:00,1
grd_100174,Crew_10280,DOMU,2025/6/3 9:01,2025/6/3 11:00,1
grd_100175,Crew_10280,DOMU,2025/6/4 6:00,2025/6/4 10:00,1
grd_100176,Crew_10280,DOMU,2025/6/5 14:30,2025/6/5 16:30,1
grd_100177,Crew_10280,DOMU,2025/6/5 16:31,2025/6/5 18:30,1
grd_100178,Crew_10280,DOMU,2025/6/6 12:15,2025/6/6 14:15,1
grd_100179,Crew_10280,DOMU,2025/6/6 14:16,2025/6/6 16:15,1
grd_100180,Crew_10424,DOMU,2025/6/2 20:45,2025/6/3 0:45,1
grd_100181,Crew_10424,DOMU,2025/6/3 16:30,2025/6/3 20:30,1
grd_100182,Crew_10424,DOMU,2025/6/4 16:30,2025/6/4 20:30,1
grd_100183,Crew_10424,DOMU,2025/6/4 22:45,2025/6/5 0:45,1
grd_100184,Crew_10322,EYWR,2025/5/29 9:15,2025/5/29 10:50,0
grd_100185,Crew_10322,EYWR,2025/5/29 18:30,2025/5/29 20:30,1
grd_100186,Crew_10296,OXSQ,2025/6/1 6:00,2025/6/1 12:00,1
grd_100187,Crew_10311,DOMU,2025/6/4 12:15,2025/6/4 14:15,1
grd_100188,Crew_11630,DOMU,2025/5/29 8:00,2025/5/29 17:30,1
grd_100189,Crew_11630,DOMU,2025/5/30 6:00,2025/5/30 10:00,1
grd_100190,Crew_11630,DOMU,2025/5/31 19:45,2025/5/31 23:45,1
grd_100191,Crew_11630,DOMU,2025/6/1 10:15,2025/6/1 14:15,1
grd_100192,Crew_11630,DOMU,2025/6/1 16:30,2025/6/1 18:30,1
grd_100193,Crew_11651,DOMU,2025/6/1 6:00,2025/6/1 12:00,1
grd_100194,Crew_11651,DOMU,2025/6/2 6:00,2025/6/2 12:00,1
grd_100195,Crew_11651,DOMU,2025/6/3 12:15,2025/6/3 18:15,1
grd_100196,Crew_11651,DOMU,2025/6/4 18:30,2025/6/5 0:30,1
grd_100197,Crew_11678,DOMU,2025/5/29 0:01,2025/5/29 23:50,0
grd_100198,Crew_11680,DOMU,2025/5/29 8:10,2025/5/29 16:20,1
grd_100199,Crew_11680,DOMU,2025/5/31 19:30,2025/5/31 23:30,1
grd_100200,Crew_11988,HZPW,2025/5/29 0:00,2025/5/29 23:59,0
grd_100201,Crew_11988,HZPW,2025/5/30 0:00,2025/5/30 23:59,0
grd_100202,Crew_11988,HZPW,2025/5/31 0:00,2025/5/31 23:59,0
grd_100203,Crew_10329,DOMU,2025/5/31 19:30,2025/5/31 23:30,1
grd_100204,Crew_10329,DOMU,2025/6/1 18:45,2025/6/1 22:45,1
grd_100205,Crew_11995,EYWR,2025/5/29 5:00,2025/5/29 18:00,1
grd_100206,Crew_11995,EYWR,2025/5/29 18:01,2025/5/29 18:59,1
grd_100207,Crew_11995,EYWR,2025/6/4 20:45,2025/6/5 0:45,1
grd_100208,Crew_11995,EYWR,2025/6/5 16:30,2025/6/5 20:30,1
grd_100209,Crew_11995,EYWR,2025/6/6 16:30,2025/6/6 22:30,1
grd_100210,Crew_11698,DOMU,2025/6/5 6:00,2025/6/5 8:00,1
grd_100211,Crew_11036,NLLA,2025/6/2 0:01,2025/6/5 23:59,0
grd_100212,Crew_10338,DOMU,2025/5/29 8:10,2025/5/29 17:30,1
grd_100213,Crew_10338,DOMU,2025/5/31 11:15,2025/5/31 15:15,1
grd_100214,Crew_10338,DOMU,2025/6/1 6:00,2025/6/1 10:00,1
grd_100215,Crew_10338,DOMU,2025/6/2 6:00,2025/6/2 10:00,1
grd_100216,Crew_10338,DOMU,2025/6/3 14:30,2025/6/3 16:30,1
grd_100217,Crew_10346,DOMU,2025/5/29 0:00,2025/5/29 23:59,0
grd_100218,Crew_10346,DOMU,2025/5/30 0:00,2025/5/30 23:59,0
grd_100219,Crew_10346,DOMU,2025/5/31 0:00,2025/5/31 23:59,0
grd_100220,Crew_10346,DOMU,2025/6/5 0:00,2025/6/8 23:59,0
grd_100221,Crew_10344,HZPW,2025/5/29 16:30,2025/5/29 18:30,1
grd_100222,Crew_10411,DOMU,2025/6/1 10:15,2025/6/1 12:15,1
grd_100223,Crew_11744,NLLA,2025/5/31 15:15,2025/5/31 17:15,1
grd_100224,Crew_11719,DOMU,2025/5/29 9:45,2025/5/29 13:45,1
grd_100225,Crew_11719,DOMU,2025/6/4 15:30,2025/6/4 19:30,1
grd_100226,Crew_11719,DOMU,2025/6/5 12:15,2025/6/5 16:15,1
grd_100227,Crew_11719,DOMU,2025/6/6 20:45,2025/6/7 0:45,1
grd_100228,Crew_11721,DOMU,2025/6/4 6:00,2025/6/4 10:00,1
grd_100229,Crew_11721,DOMU,2025/6/5 15:30,2025/6/5 19:30,1
grd_100230,Crew_11721,DOMU,2025/6/6 20:45,2025/6/7 0:45,1
grd_100231,Crew_11748,DOMU,2025/5/29 8:10,2025/5/29 17:30,1
grd_100232,Crew_10416,HZPW,2025/6/1 6:00,2025/6/1 12:00,1
grd_100233,Crew_11732,DOMU,2025/5/29 0:01,2025/5/30 23:59,0
grd_100234,Crew_11733,DOMU,2025/6/1 0:01,2025/6/1 23:59,0
grd_100235,Crew_11733,DOMU,2025/6/4 0:01,2025/6/5 23:59,0
grd_100236,Crew_11733,DOMU,2025/6/6 14:30,2025/6/6 16:00,1
grd_100237,Crew_10446,DOMU,2025/5/30 0:01,2025/6/1 23:59,0
grd_100238,Crew_10446,DOMU,2025/6/4 6:00,2025/6/4 10:00,1
grd_100239,Crew_10446,DOMU,2025/6/5 15:30,2025/6/5 19:30,1
grd_100240,Crew_10446,DOMU,2025/6/6 14:30,2025/6/6 18:30,1
grd_100241,Crew_11739,DOMU,2025/5/29 0:00,2025/5/29 23:59,1
grd_100242,Crew_11739,DOMU,2025/6/3 0:00,2025/6/3 23:59,1
grd_100243,Crew_10419,DOMU,2025/5/30 6:00,2025/5/30 10:00,1
grd_100244,Crew_10419,DOMU,2025/6/3 0:00,2025/6/3 23:59,1
grd_100245,Crew_10419,DOMU,2025/6/6 14:15,2025/6/6 16:15,1
grd_100246,Crew_10421,NLLA,2025/5/29 8:10,2025/5/29 17:30,1
grd_100247,Crew_10421,NLLA,2025/6/4 5:00,2025/6/4 18:00,1
grd_100248,Crew_10461,DOMU,2025/5/29 0:00,2025/5/29 23:59,0
grd_100249,Crew_10461,DOMU,2025/5/30 0:00,2025/5/30 23:59,0
grd_100250,Crew_10461,DOMU,2025/5/31 0:00,2025/5/31 23:59,0
grd_100251,Crew_10461,DOMU,2025/6/1 0:00,2025/6/3 23:59,0
grd_100252,Crew_10373,DOMU,2025/5/29 0:00,2025/5/29 23:59,0
grd_100253,Crew_10373,DOMU,2025/6/4 0:01,2025/6/8 23:59,0
grd_100254,Crew_11753,DOMU,2025/6/1 20:45,2025/6/2 0:45,1
grd_100255,Crew_10418,DOMU,2025/6/6 0:00,2025/6/6 23:59,1
grd_100256,Crew_11787,DOMU,2025/6/5 19:45,2025/6/5 23:45,1
grd_100257,Crew_11787,DOMU,2025/6/6 16:30,2025/6/6 20:30,1
grd_100258,Crew_10474,DOMU,2025/6/3 10:15,2025/6/3 12:15,1
grd_100259,Crew_10499,DOMU,2025/5/30 20:45,2025/5/31 0:45,1
grd_100260,Crew_10499,DOMU,2025/5/31 20:45,2025/6/1 0:45,1
grd_100261,Crew_10499,DOMU,2025/6/1 14:30,2025/6/1 18:30,1
grd_100262,Crew_10473,DOMU,2025/5/29 0:00,2025/5/29 23:59,0
grd_100263,Crew_10473,DOMU,2025/6/1 14:30,2025/6/1 16:30,1
grd_100264,Crew_11786,HZPW,2025/5/30 0:01,2025/5/30 23:59,0
grd_100265,Crew_11786,HZPW,2025/6/6 0:01,2025/6/6 23:59,0
grd_100266,Crew_11476,DOMU,2025/6/3 0:00,2025/6/3 23:59,1
grd_100267,Crew_11478,DOMU,2025/5/31 20:45,2025/6/1 0:45,1
grd_100268,Crew_11478,DOMU,2025/6/1 16:30,2025/6/1 20:30,1
grd_100269,Crew_11478,DOMU,2025/6/2 18:45,2025/6/2 22:45,1
grd_100270,Crew_11478,DOMU,2025/6/3 12:15,2025/6/3 14:15,1
grd_100271,Crew_11475,DOMU,2025/5/29 8:00,2025/5/29 17:20,1
grd_100272,Crew_11475,DOMU,2025/6/1 10:15,2025/6/1 13:15,1
grd_100273,Crew_10146,DOMU,2025/5/29 2:21,2025/5/29 23:59,0
grd_100274,Crew_10146,DOMU,2025/5/29 19:45,2025/5/29 23:45,1
grd_100275,Crew_10146,DOMU,2025/5/31 10:15,2025/5/31 14:15,1
grd_100276,Crew_10146,DOMU,2025/6/1 12:15,2025/6/1 16:15,1
grd_100277,Crew_10146,DOMU,2025/6/2 15:30,2025/6/2 19:30,1
grd_100278,Crew_11791,DOMU,2025/6/6 18:30,2025/6/7 0:30,1
grd_100279,Crew_11792,DOMU,2025/6/4 0:00,2025/6/4 23:59,1
grd_100280,Crew_10528,DOMU,2025/5/31 0:01,2025/6/1 23:59,0
grd_100281,Crew_10528,DOMU,2025/6/2 14:30,2025/6/2 16:00,1
grd_100282,Crew_10528,DOMU,2025/6/3 0:01,2025/6/5 23:59,0
grd_100283,Crew_11796,DOMU,2025/6/6 10:15,2025/6/6 12:15,1
grd_100284,Crew_10524,EYWR,2025/6/5 10:00,2025/6/5 12:00,1
grd_100285,Crew_11807,DOMU,2025/5/29 6:00,2025/5/29 10:00,1
grd_100286,Crew_10547,DOMU,2025/6/6 10:15,2025/6/6 12:15,1
grd_100287,Crew_10564,DOMU,2025/6/1 0:01,2025/6/2 23:59,0
grd_100288,Crew_10564,DOMU,2025/6/5 17:30,2025/6/5 20:30,1
grd_100289,Crew_10539,HZPW,2025/5/29 5:00,2025/5/29 18:00,1
grd_100290,Crew_10539,HZPW,2025/5/29 18:01,2025/5/29 19:59,1
grd_100291,Crew_10539,HZPW,2025/6/6 5:00,2025/6/6 18:00,1
grd_100292,Crew_10540,DOMU,2025/5/29 0:00,2025/5/29 23:59,0
grd_100293,Crew_10540,DOMU,2025/5/30 0:00,2025/5/30 23:59,1
grd_100294,Crew_10540,DOMU,2025/6/3 0:01,2025/6/4 23:59,0
grd_100295,Crew_10540,DOMU,2025/6/5 20:45,2025/6/6 0:45,1
grd_100296,Crew_10540,DOMU,2025/6/6 14:30,2025/6/6 18:30,1
grd_100297,Crew_10572,DOMU,2025/5/29 8:10,2025/5/29 16:20,1
grd_100298,Crew_10572,DOMU,2025/5/31 11:15,2025/5/31 13:15,1
grd_100299,Crew_10572,DOMU,2025/6/1 6:00,2025/6/1 10:00,1
grd_100300,Crew_10572,DOMU,2025/6/2 6:00,2025/6/2 10:00,1
grd_100301,Crew_10572,DOMU,2025/6/3 14:30,2025/6/3 16:30,1
grd_100302,Crew_10572,DOMU,2025/6/3 16:31,2025/6/3 18:30,1
grd_100303,Crew_10572,DOMU,2025/6/3 18:31,2025/6/3 20:30,1
grd_100304,Crew_10572,DOMU,2025/6/4 15:30,2025/6/4 19:30,1
grd_100305,Crew_10572,DOMU,2025/6/6 0:00,2025/6/12 23:59,0
grd_100306,Crew_11830,DOMU,2025/5/29 8:10,2025/5/29 16:20,1
grd_100307,Crew_10590,DOMU,2025/6/5 6:00,2025/6/5 8:00,1
grd_100308,Crew_11859,DOMU,2025/6/1 10:15,2025/6/1 13:15,1
grd_100309,Crew_11860,HZPW,2025/5/29 14:30,2025/5/29 16:30,1
grd_100310,Crew_10777,DOMU,2025/5/30 8:01,2025/5/30 17:03,0
grd_100311,Crew_10609,DOMU,2025/5/29 20:45,2025/5/30 0:45,1
grd_100312,Crew_10609,DOMU,2025/6/1 0:00,2025/6/2 23:59,0
grd_100313,Crew_11861,DOMU,2025/6/6 19:45,2025/6/6 23:45,1
grd_100314,Crew_10591,DOMU,2025/6/4 0:01,2025/6/5 23:59,0
grd_100315,Crew_10591,DOMU,2025/6/6 14:30,2025/6/6 16:00,1
grd_100316,Crew_11905,DOMU,2025/6/5 8:00,2025/6/5 10:00,1
grd_100317,Crew_11876,DOMU,2025/5/29 0:00,2025/5/29 23:59,0
grd_100318,Crew_11876,DOMU,2025/5/30 0:00,2025/5/30 23:59,0
grd_100319,Crew_11876,DOMU,2025/5/31 0:00,2025/5/31 23:59,0
grd_100320,Crew_11876,DOMU,2025/6/4 10:15,2025/6/4 14:15,1
grd_100321,Crew_11876,DOMU,2025/6/4 15:15,2025/6/4 17:15,1
grd_100322,Crew_11876,DOMU,2025/6/4 17:16,2025/6/4 18:15,1
grd_100323,Crew_11876,DOMU,2025/6/5 10:15,2025/6/5 14:15,1
grd_100324,Crew_11876,DOMU,2025/6/5 14:30,2025/6/5 15:30,1
grd_100325,Crew_10631,HZPW,2025/5/29 0:00,2025/5/29 23:59,0
grd_100326,Crew_10631,HZPW,2025/5/30 0:00,2025/5/30 23:59,0
grd_100327,Crew_10631,HZPW,2025/5/31 0:00,2025/5/31 23:59,0
grd_100328,Crew_10631,HZPW,2025/6/3 5:00,2025/6/3 18:00,1
grd_100329,Crew_10672,DOMU,2025/5/29 5:00,2025/5/29 18:59,1
grd_100330,Crew_11946,EYWR,2025/6/1 10:15,2025/6/1 12:15,1
grd_100331,Crew_10522,DOMU,2025/5/31 14:15,2025/5/31 16:15,1
grd_100332,Crew_10522,DOMU,2025/6/3 0:00,2025/6/5 23:59,0
grd_100333,Crew_10523,DOMU,2025/5/31 14:30,2025/5/31 16:30,1
grd_100334,Crew_10656,DOMU,2025/5/29 8:00,2025/5/29 16:30,1
grd_100335,Crew_10656,DOMU,2025/6/2 10:00,2025/6/2 12:00,1
grd_100336,Crew_10656,DOMU,2025/6/5 0:00,2025/6/5 23:59,1
grd_100337,Crew_10690,EYWR,2025/6/2 0:00,2025/7/6 23:59,0
grd_100338,Crew_12007,DOMU,2025/6/2 6:00,2025/6/2 8:00,1
grd_100339,Crew_12011,DOMU,2025/5/31 0:01,2025/6/1 23:59,0
grd_100340,Crew_12011,DOMU,2025/6/2 14:30,2025/6/2 16:00,1
grd_100341,Crew_12011,DOMU,2025/6/3 0:01,2025/6/5 23:59,0
grd_100342,Crew_11039,DOMU,2025/6/6 16:30,2025/6/6 22:30,1
grd_100343,Crew_11040,DOMU,2025/5/31 0:00,2025/5/31 23:59,0
grd_100344,Crew_11040,DOMU,2025/6/1 0:00,2025/6/3 23:59,0
grd_100345,Crew_10702,EYWR,2025/6/4 0:01,2025/6/10 23:59,0
grd_100346,Crew_10717,DOMU,2025/5/29 8:10,2025/5/29 17:30,1
grd_100347,Crew_12022,DOMU,2025/6/5 8:01,2025/6/5 17:02,0
grd_100348,Crew_12022,DOMU,2025/6/6 8:01,2025/6/6 17:02,0
grd_100349,Crew_10731,EYWR,2025/5/31 5:00,2025/5/31 18:00,1
grd_100350,Crew_10725,EYWR,2025/6/2 5:00,2025/6/2 18:00,1
grd_100351,Crew_12021,NLLA,2025/5/31 5:00,2025/5/31 18:00,1
grd_100352,Crew_10730,DOMU,2025/6/3 0:01,2025/6/3 23:59,0
grd_100353,Crew_12037,OXSQ,2025/6/4 14:15,2025/6/4 16:15,1
grd_100354,Crew_10742,OXSQ,2025/5/29 5:00,2025/5/29 18:59,1
grd_100355,Crew_12039,DOMU,2025/5/29 0:00,2025/5/29 23:59,0
grd_100356,Crew_12039,DOMU,2025/5/30 0:00,2025/5/30 23:59,0
grd_100357,Crew_12039,DOMU,2025/5/31 0:00,2025/5/31 23:59,0
grd_100358,Crew_12039,DOMU,2025/6/1 13:15,2025/6/1 16:15,1
grd_100359,Crew_12039,DOMU,2025/6/2 0:00,2025/6/2 23:59,0
grd_100360,Crew_12039,DOMU,2025/6/5 11:15,2025/6/5 15:15,1
grd_100361,Crew_12039,DOMU,2025/6/6 6:00,2025/6/6 10:00,1
grd_100362,Crew_12042,HZPW,2025/5/29 12:00,2025/5/29 23:59,1
grd_100363,Crew_12035,DOMU,2025/5/31 17:15,2025/5/31 19:15,1
grd_100364,Crew_12038,DOMU,2025/5/29 0:00,2025/5/29 23:59,0
grd_100365,Crew_12038,DOMU,2025/5/30 0:00,2025/5/30 23:59,0
grd_100366,Crew_10794,DOMU,2025/5/30 8:10,2025/5/30 16:20,1
grd_100367,Crew_12009,DOMU,2025/6/2 7:00,2025/6/2 11:00,1
grd_100368,Crew_12056,DOMU,2025/6/5 0:00,2025/6/6 23:59,0
grd_100369,Crew_10805,DOMU,2025/6/6 14:15,2025/6/6 16:15,1
grd_100370,Crew_12052,DOMU,2025/6/4 8:00,2025/6/4 10:00,1
grd_100371,Crew_10818,DOMU,2025/5/29 0:00,2025/5/29 23:59,0
grd_100372,Crew_10818,DOMU,2025/5/30 0:00,2025/5/30 23:59,0
grd_100373,Crew_10818,DOMU,2025/5/31 0:00,2025/5/31 23:59,0
grd_100374,Crew_10815,DOMU,2025/5/29 10:15,2025/5/29 14:15,1
grd_100375,Crew_10815,DOMU,2025/5/29 14:30,2025/5/29 16:30,1
grd_100376,Crew_10815,DOMU,2025/6/5 0:00,2025/6/5 23:59,1
grd_100377,Crew_10816,DOMU,2025/5/31 8:00,2025/5/31 16:30,1
grd_100378,Crew_10816,DOMU,2025/6/1 8:00,2025/6/1 16:30,1
grd_100379,Crew_10816,DOMU,2025/6/3 8:00,2025/6/3 16:30,1
grd_100380,Crew_10816,DOMU,2025/6/4 8:00,2025/6/4 16:30,1
grd_100381,Crew_10816,DOMU,2025/6/5 8:00,2025/6/5 16:30,1
grd_100382,Crew_10816,DOMU,2025/6/6 8:00,2025/6/6 16:30,1
grd_100383,Crew_12064,HZPW,2025/5/29 20:45,2025/5/30 0:45,1
grd_100384,Crew_12064,HZPW,2025/5/30 19:45,2025/5/30 23:45,1
grd_100385,Crew_10760,DOMU,2025/6/4 22:45,2025/6/5 0:45,1
grd_100386,Crew_10838,DOMU,2025/6/3 10:15,2025/6/3 14:15,1
grd_100387,Crew_10838,DOMU,2025/6/4 7:00,2025/6/4 11:00,1
grd_100388,Crew_12073,DOMU,2025/5/30 6:00,2025/5/30 10:00,1
grd_100389,Crew_12073,DOMU,2025/5/31 19:45,2025/5/31 23:45,1
grd_100390,Crew_12073,DOMU,2025/6/1 20:45,2025/6/2 0:45,1
grd_100391,Crew_12073,DOMU,2025/6/2 16:30,2025/6/2 20:30,1
grd_100392,Crew_12075,EYWR,2025/6/3 5:00,2025/6/3 18:00,1
grd_100393,Crew_12083,DOMU,2025/6/3 20:45,2025/6/4 0:45,1
grd_100394,Crew_12083,DOMU,2025/6/4 19:45,2025/6/4 23:45,1
grd_100395,Crew_12083,DOMU,2025/6/5 10:15,2025/6/5 14:15,1
grd_100396,Crew_12083,DOMU,2025/6/5 15:30,2025/6/5 16:30,1
grd_100397,Crew_12086,DOMU,2025/5/31 7:00,2025/5/31 11:00,1
grd_100398,Crew_12086,DOMU,2025/6/1 11:15,2025/6/1 15:15,1
grd_100399,Crew_12086,DOMU,2025/6/1 16:30,2025/6/1 18:30,1
grd_100400,Crew_12086,DOMU,2025/6/2 10:15,2025/6/2 14:15,1
grd_100401,Crew_12086,DOMU,2025/6/3 19:45,2025/6/3 23:45,1
grd_100402,Crew_12086,DOMU,2025/6/4 0:00,2025/6/4 23:59,1
grd_100403,Crew_12093,DOMU,2025/5/29 13:00,2025/5/29 17:59,1
grd_100404,Crew_12094,DOMU,2025/5/29 7:00,2025/5/29 11:00,1
grd_100405,Crew_12094,DOMU,2025/5/30 6:00,2025/5/30 10:00,1
grd_100406,Crew_12097,DOMU,2025/5/29 0:00,2025/5/29 23:59,1
grd_100407,Crew_12097,DOMU,2025/5/31 11:15,2025/5/31 15:15,1
grd_100408,Crew_12097,DOMU,2025/6/1 12:15,2025/6/1 18:15,1
grd_100409,Crew_12097,DOMU,2025/6/6 0:00,2025/6/6 23:59,1
grd_100410,Crew_12100,DOMU,2025/6/5 8:00,2025/6/5 16:20,1
grd_100411,Crew_12100,DOMU,2025/6/6 8:00,2025/6/6 12:00,1
grd_100412,Crew_10833,DOMU,2025/5/29 0:01,2025/5/29 23:58,0
grd_100413,Crew_10833,DOMU,2025/5/30 0:00,2025/5/31 23:59,0
grd_100414,Crew_10833,DOMU,2025/6/6 12:15,2025/6/6 14:15,1
grd_100415,Crew_12111,DOMU,2025/5/29 11:15,2025/5/29 15:15,1
grd_100416,Crew_12111,DOMU,2025/6/4 10:15,2025/6/4 12:15,1
grd_100417,Crew_12111,DOMU,2025/6/5 17:30,2025/6/5 20:30,1
grd_100418,Crew_12115,DOMU,2025/5/29 8:10,2025/5/29 16:20,1
grd_100419,Crew_10957,DOMU,2025/6/6 20:45,2025/6/7 0:45,1
grd_100420,Crew_10899,DOMU,2025/5/30 0:01,2025/5/31 23:59,0
grd_100421,Crew_10866,EYWR,2025/5/29 5:00,2025/5/29 18:59,1
grd_100422,Crew_12126,DOMU,2025/5/30 8:10,2025/5/30 16:20,1
grd_100423,Crew_12126,DOMU,2025/5/31 16:30,2025/5/31 18:30,1
grd_100424,Crew_12126,DOMU,2025/5/31 19:30,2025/5/31 23:30,1
grd_100425,Crew_12126,DOMU,2025/6/1 18:45,2025/6/1 22:45,1
grd_100426,Crew_12125,DOMU,2025/6/3 0:00,2025/6/15 23:59,0
grd_100427,Crew_12128,DOMU,2025/5/30 8:10,2025/5/30 16:20,1
grd_100428,Crew_12128,DOMU,2025/6/1 6:00,2025/6/1 12:00,1
grd_100429,Crew_10885,DOMU,2025/5/29 0:00,2025/5/29 23:59,0
grd_100430,Crew_10885,DOMU,2025/5/30 0:00,2025/5/30 23:59,0
grd_100431,Crew_10885,DOMU,2025/5/31 0:00,2025/5/31 23:59,0
grd_100432,Crew_12132,DOMU,2025/5/30 7:15,2025/5/30 13:15,1
grd_100433,Crew_12132,DOMU,2025/5/31 14:15,2025/5/31 20:15,1
grd_100434,Crew_12132,DOMU,2025/6/1 18:30,2025/6/2 0:30,1
grd_100435,Crew_12132,DOMU,2025/6/4 6:00,2025/6/4 12:00,1
grd_100436,Crew_12132,DOMU,2025/6/5 8:00,2025/6/5 14:00,1
grd_100437,Crew_12132,DOMU,2025/6/6 18:30,2025/6/7 0:30,1
grd_100438,Crew_12133,NLLA,2025/5/31 15:30,2025/5/31 19:30,1
grd_100439,Crew_12133,NLLA,2025/6/1 10:15,2025/6/1 12:15,1
grd_100440,Crew_12133,NLLA,2025/6/1 12:16,2025/6/1 14:15,1
grd_100441,Crew_12133,NLLA,2025/6/2 19:45,2025/6/2 21:45,1
grd_100442,Crew_12133,NLLA,2025/6/2 21:46,2025/6/2 23:45,1
grd_100443,Crew_12133,NLLA,2025/6/4 14:30,2025/6/4 18:30,1
grd_100444,Crew_12133,NLLA,2025/6/5 6:00,2025/6/5 8:00,1
grd_100445,Crew_12133,NLLA,2025/6/5 8:01,2025/6/5 10:00,1
grd_100446,Crew_12133,NLLA,2025/6/6 10:15,2025/6/6 14:15,1
grd_100447,Crew_12134,DOMU,2025/5/30 0:00,2025/5/30 23:59,1
grd_100448,Crew_12134,DOMU,2025/6/2 19:45,2025/6/2 23:45,1
grd_100449,Crew_12134,DOMU,2025/6/3 15:30,2025/6/3 19:30,1
grd_100450,Crew_12134,DOMU,2025/6/4 6:00,2025/6/4 8:00,1
grd_100451,Crew_12134,DOMU,2025/6/5 11:15,2025/6/5 13:15,1
grd_100452,Crew_12134,DOMU,2025/6/6 12:15,2025/6/6 13:15,1
grd_100453,Crew_10895,HZPW,2025/6/1 0:01,2025/6/6 23:59,0
grd_100454,Crew_12136,DOMU,2025/5/29 14:00,2025/5/29 17:59,1
grd_100455,Crew_12136,DOMU,2025/6/2 8:00,2025/6/2 10:00,1
grd_100456,Crew_12136,DOMU,2025/6/2 12:15,2025/6/2 16:15,1
grd_100457,Crew_12136,DOMU,2025/6/3 6:00,2025/6/3 10:00,1
grd_100458,Crew_12136,DOMU,2025/6/4 20:45,2025/6/5 0:45,1
grd_100459,Crew_12136,DOMU,2025/6/5 16:30,2025/6/5 20:30,1
grd_100460,Crew_12141,DOMU,2025/5/30 8:10,2025/5/30 16:20,1
grd_100461,Crew_12141,DOMU,2025/5/31 8:01,2025/5/31 17:02,0
grd_100462,Crew_12141,DOMU,2025/6/1 8:01,2025/6/1 17:02,0
grd_100463,Crew_10908,NLLA,2025/6/2 5:00,2025/6/2 18:00,1
grd_100464,Crew_10870,DOMU,2025/5/29 0:00,2025/5/29 23:59,0
grd_100465,Crew_10870,DOMU,2025/5/30 0:00,2025/5/30 23:59,0
grd_100466,Crew_10870,DOMU,2025/5/31 0:00,2025/5/31 23:59,0
grd_100467,Crew_10872,DOMU,2025/5/30 8:10,2025/5/30 16:20,1
grd_100468,Crew_10872,DOMU,2025/5/31 14:30,2025/5/31 16:30,1
grd_100469,Crew_10872,DOMU,2025/6/2 7:00,2025/6/2 11:00,1
grd_100470,Crew_10911,DOMU,2025/5/30 0:01,2025/5/31 23:59,0
grd_100471,Crew_10911,DOMU,2025/6/3 0:00,2025/6/4 23:59,0
grd_100472,Crew_10880,DOMU,2025/6/4 8:00,2025/6/4 10:00,1
grd_100473,Crew_10877,DOMU,2025/5/30 20:45,2025/5/31 0:45,1
grd_100474,Crew_10877,DOMU,2025/5/31 15:30,2025/5/31 19:30,1
grd_100475,Crew_10877,DOMU,2025/6/1 6:00,2025/6/1 10:00,1
grd_100476,Crew_10913,DOMU,2025/5/29 0:01,2025/5/29 23:50,0
grd_100477,Crew_10961,DOMU,2025/6/2 17:30,2025/6/2 19:30,1
grd_100478,Crew_10961,DOMU,2025/6/4 15:15,2025/6/4 17:15,1
grd_100479,Crew_10961,DOMU,2025/6/4 17:16,2025/6/4 18:15,1
grd_100480,Crew_10919,DOMU,2025/6/6 10:15,2025/6/6 12:15,1
grd_100481,Crew_12146,NLLA,2025/5/31 8:00,2025/5/31 16:30,1
grd_100482,Crew_12146,NLLA,2025/6/1 8:00,2025/6/1 16:30,1
grd_100483,Crew_12146,NLLA,2025/6/2 10:00,2025/6/2 12:00,1
grd_100484,Crew_12146,NLLA,2025/6/3 8:00,2025/6/3 16:30,1
grd_100485,Crew_12146,NLLA,2025/6/4 8:00,2025/6/4 16:30,1
grd_100486,Crew_12146,NLLA,2025/6/5 8:00,2025/6/5 16:30,1
grd_100487,Crew_12146,NLLA,2025/6/6 8:00,2025/6/6 16:30,1
grd_100488,Crew_10949,DOMU,2025/5/29 6:00,2025/5/29 10:00,1
grd_100489,Crew_10949,DOMU,2025/5/30 7:00,2025/5/30 11:00,1
grd_100490,Crew_10963,DOMU,2025/5/29 8:10,2025/5/29 16:20,1
grd_100491,Crew_10963,DOMU,2025/5/31 6:00,2025/5/31 12:00,1
grd_100492,Crew_10963,DOMU,2025/6/1 12:15,2025/6/1 18:15,1
grd_100493,Crew_10963,DOMU,2025/6/3 6:00,2025/6/3 12:00,1
grd_100494,Crew_10963,DOMU,2025/6/4 12:15,2025/6/4 18:15,1
grd_100495,Crew_10963,DOMU,2025/6/5 14:15,2025/6/5 20:15,1
grd_100496,Crew_10963,DOMU,2025/6/6 18:30,2025/6/7 0:30,1
grd_100497,Crew_10965,DOMU,2025/6/2 0:01,2025/6/2 23:59,0
grd_100498,Crew_10967,DOMU,2025/5/30 8:10,2025/5/30 16:20,1
grd_100499,Crew_10966,DOMU,2025/5/30 9:15,2025/5/30 15:15,1
grd_100500,Crew_10966,DOMU,2025/5/31 12:15,2025/5/31 18:15,1
grd_100501,Crew_10966,DOMU,2025/6/1 18:30,2025/6/2 0:30,1
grd_100502,Crew_10966,DOMU,2025/6/4 6:00,2025/6/4 12:00,1
grd_100503,Crew_10966,DOMU,2025/6/5 12:15,2025/6/5 18:15,1
grd_100504,Crew_10966,DOMU,2025/6/6 12:15,2025/6/6 18:15,1
grd_100505,Crew_10975,HZPW,2025/6/1 0:01,2025/6/6 23:59,0
grd_100506,Crew_12188,HZPW,2025/6/1 0:00,2025/6/1 23:59,0
grd_100507,Crew_10983,DOMU,2025/6/1 10:15,2025/6/1 13:15,1
grd_100508,Crew_10995,DOMU,2025/5/31 10:15,2025/5/31 12:15,1
grd_100509,Crew_12205,DOMU,2025/5/31 14:15,2025/5/31 16:15,1
grd_100510,Crew_12190,DOMU,2025/6/4 15:30,2025/6/4 19:30,1
grd_100511,Crew_12190,DOMU,2025/6/5 12:15,2025/6/5 16:15,1
grd_100512,Crew_12190,DOMU,2025/6/6 6:00,2025/6/6 10:00,1
grd_100513,Crew_12193,DOMU,2025/5/29 0:01,2025/5/30 23:59,0
grd_100514,Crew_12193,DOMU,2025/6/3 20:45,2025/6/4 0:45,1
grd_100515,Crew_12193,DOMU,2025/6/4 19:45,2025/6/4 23:45,1
grd_100516,Crew_12194,NLLA,2025/5/31 12:15,2025/5/31 14:15,1
grd_100517,Crew_12194,NLLA,2025/6/1 0:00,2025/6/2 23:59,0
grd_100518,Crew_12195,HZPW,2025/5/29 16:30,2025/5/29 18:30,1
grd_100519,Crew_12196,DOMU,2025/5/30 6:00,2025/5/30 10:00,1
grd_100520,Crew_12196,DOMU,2025/5/31 6:00,2025/5/31 10:00,1
grd_100521,Crew_12196,DOMU,2025/6/1 19:45,2025/6/1 23:45,1
grd_100522,Crew_12209,DOMU,2025/5/30 0:01,2025/5/31 23:59,0
grd_100523,Crew_12209,DOMU,2025/6/5 19:45,2025/6/5 23:45,1
grd_100524,Crew_12209,DOMU,2025/6/6 15:30,2025/6/6 19:30,1
grd_100525,Crew_12216,DOMU,2025/5/29 20:45,2025/5/30 0:45,1
grd_100526,Crew_12216,DOMU,2025/5/30 14:30,2025/5/30 18:30,1
grd_100527,Crew_12216,DOMU,2025/5/31 11:15,2025/5/31 13:15,1
grd_100528,Crew_12216,DOMU,2025/5/31 16:30,2025/5/31 18:30,1
grd_100529,Crew_12243,EYWR,2025/5/30 5:00,2025/5/30 18:00,1
grd_100530,Crew_12243,EYWR,2025/5/30 18:01,2025/5/30 19:59,1
grd_100531,Crew_12243,EYWR,2025/6/1 5:00,2025/6/1 18:00,1
grd_100532,Crew_12183,DOMU,2025/6/1 14:15,2025/6/1 16:15,1
grd_100533,Crew_11071,DOMU,2025/5/29 5:00,2025/5/29 10:59,1
grd_100534,Crew_11071,DOMU,2025/6/1 0:00,2025/6/2 23:59,0
grd_100535,Crew_11043,NLLA,2025/5/31 13:15,2025/5/31 15:15,1
grd_100536,Crew_11043,NLLA,2025/6/6 0:00,2025/6/11 23:59,0
grd_100537,Crew_11062,DOMU,2025/6/6 16:30,2025/6/6 22:30,1
grd_100538,Crew_12336,DOMU,2025/5/29 8:01,2025/5/29 17:02,0
grd_100539,Crew_12336,DOMU,2025/5/30 8:01,2025/5/30 17:02,0
grd_100540,Crew_11078,DOMU,2025/6/5 10:00,2025/6/5 12:00,1
grd_100541,Crew_11074,NLLA,2025/5/29 5:00,2025/5/29 18:59,1
grd_100542,Crew_12361,HZPW,2025/6/1 0:01,2025/6/6 23:59,0
grd_100543,Crew_12365,NLLA,2025/6/3 0:00,2025/6/5 23:59,0
grd_100544,Crew_12360,DOMU,2025/5/29 0:00,2025/5/29 23:59,0
grd_100545,Crew_12360,DOMU,2025/5/30 0:00,2025/5/30 23:59,0
grd_100546,Crew_12364,DOMU,2025/5/30 8:10,2025/5/30 16:20,1
grd_100547,Crew_11094,DOMU,2025/6/1 18:30,2025/6/1 20:30,1
grd_100548,Crew_11095,DOMU,2025/6/4 6:00,2025/6/4 8:00,1
grd_100549,Crew_11634,DOMU,2025/5/29 0:01,2025/5/30 23:59,0
grd_100550,Crew_11636,HZPW,2025/5/29 0:00,2025/5/29 23:59,0
grd_100551,Crew_11636,HZPW,2025/5/30 0:00,2025/5/30 23:59,0
grd_100552,Crew_11636,HZPW,2025/5/31 0:00,2025/5/31 23:59,0
grd_100553,Crew_11633,DOMU,2025/5/29 8:00,2025/5/29 17:20,1
grd_100554,Crew_11638,HZPW,2025/6/2 0:01,2025/6/7 23:59,0
grd_100555,Crew_11640,HZPW,2025/5/29 15:30,2025/5/29 19:30,1
grd_100556,Crew_11640,HZPW,2025/5/30 15:30,2025/5/30 19:30,1
grd_100557,Crew_12405,NLLA,2025/5/29 0:00,2025/5/29 23:59,0
grd_100558,Crew_12405,NLLA,2025/5/30 0:00,2025/5/30 23:59,0
grd_100559,Crew_12405,NLLA,2025/5/31 0:00,2025/5/31 23:59,0
grd_100560,Crew_12359,EYWR,2025/6/6 0:00,2025/6/6 23:59,0
grd_100561,Crew_11112,DOMU,2025/6/3 14:15,2025/6/3 16:15,1
grd_100562,Crew_11112,DOMU,2025/6/3 19:45,2025/6/3 23:45,1
grd_100563,Crew_11112,DOMU,2025/6/4 11:15,2025/6/4 15:15,1
grd_100564,Crew_11112,DOMU,2025/6/5 7:00,2025/6/5 11:00,1
grd_100565,Crew_12372,DOMU,2025/6/3 18:30,2025/6/3 20:30,1
grd_100566,Crew_10999,DOMU,2025/5/29 0:01,2025/5/30 23:59,0
grd_100567,Crew_10999,DOMU,2025/6/4 0:01,2025/6/5 23:59,0
grd_100568,Crew_10999,DOMU,2025/6/6 14:15,2025/6/6 16:15,1
grd_100569,Crew_11002,EYWR,2025/5/30 0:01,2025/6/3 23:59,0
grd_100570,Crew_11156,DOMU,2025/5/29 8:10,2025/5/29 17:30,1
grd_100571,Crew_11156,DOMU,2025/6/1 18:30,2025/6/1 20:30,1
grd_100572,Crew_11159,HZPW,2025/5/30 5:00,2025/5/30 18:00,1
grd_100573,Crew_11159,HZPW,2025/6/3 10:15,2025/6/3 12:15,1
grd_100574,Crew_10940,DOMU,2025/5/29 0:01,2025/5/30 23:59,0
grd_100575,Crew_10940,DOMU,2025/6/4 0:01,2025/6/5 23:59,0
grd_100576,Crew_10931,HZPW,2025/5/30 10:15,2025/5/30 16:15,1
grd_100577,Crew_11177,DOMU,2025/6/2 0:01,2025/6/3 23:59,0
grd_100578,Crew_11173,DOMU,2025/5/30 13:15,2025/5/30 15:15,1
grd_100579,Crew_11176,DOMU,2025/5/29 8:00,2025/5/29 17:20,1
grd_100580,Crew_11176,DOMU,2025/5/30 8:01,2025/5/30 17:01,0
grd_100581,Crew_11204,DOMU,2025/5/29 19:45,2025/5/29 23:45,1
grd_100582,Crew_11204,DOMU,2025/5/30 20:45,2025/5/31 0:45,1
grd_100583,Crew_11204,DOMU,2025/5/31 11:15,2025/5/31 15:15,1
grd_100584,Crew_12449,DOMU,2025/6/5 0:01,2025/6/6 23:59,0
grd_100585,Crew_12449,DOMU,2025/6/6 12:15,2025/6/6 14:15,1
grd_100586,Crew_11192,DOMU,2025/5/29 0:00,2025/5/29 23:59,0
grd_100587,Crew_11192,DOMU,2025/5/30 0:00,2025/5/30 23:59,0
grd_100588,Crew_11192,DOMU,2025/5/31 0:00,2025/5/31 23:59,0
grd_100589,Crew_11192,DOMU,2025/6/1 0:00,2025/6/1 23:59,0
grd_100590,Crew_11192,DOMU,2025/6/2 0:00,2025/6/2 23:59,0
grd_100591,Crew_12410,DOMU,2025/6/1 20:45,2025/6/2 0:45,1
grd_100592,Crew_12410,DOMU,2025/6/2 15:30,2025/6/2 19:30,1
grd_100593,Crew_11194,DOMU,2025/6/4 12:15,2025/6/4 14:15,1
grd_100594,Crew_11202,DOMU,2025/6/2 6:00,2025/6/2 8:00,1
grd_100595,Crew_11203,DOMU,2025/6/4 0:00,2025/6/6 23:59,0
grd_100596,Crew_11089,DOMU,2025/5/29 0:01,2025/5/30 23:59,0
grd_100597,Crew_11089,DOMU,2025/6/4 0:01,2025/6/5 23:59,0
grd_100598,Crew_11090,NLLA,2025/5/31 13:15,2025/5/31 15:15,1
grd_100599,Crew_11193,DOMU,2025/5/30 6:00,2025/5/30 10:00,1
grd_100600,Crew_11193,DOMU,2025/5/31 6:00,2025/5/31 10:00,1
grd_100601,Crew_11193,DOMU,2025/6/6 12:15,2025/6/6 14:15,1
grd_100602,Crew_12427,DOMU,2025/5/29 19:45,2025/5/29 23:45,1
grd_100603,Crew_12427,DOMU,2025/5/31 11:15,2025/5/31 15:15,1
grd_100604,Crew_12427,DOMU,2025/6/1 6:00,2025/6/1 10:00,1
grd_100605,Crew_12427,DOMU,2025/6/1 12:15,2025/6/1 14:15,1
grd_100606,Crew_12427,DOMU,2025/6/2 16:30,2025/6/2 20:30,1
grd_100607,Crew_12427,DOMU,2025/6/3 16:30,2025/6/3 20:30,1
grd_100608,Crew_11166,DOMU,2025/5/29 8:10,2025/5/29 17:30,1
grd_100609,Crew_12448,HZPW,2025/6/6 0:01,2025/6/11 23:59,0
grd_100610,Crew_11216,DOMU,2025/5/29 8:10,2025/5/29 16:20,1
grd_100611,Crew_11209,DOMU,2025/5/30 0:01,2025/5/31 23:59,0
grd_100612,Crew_12433,DOMU,2025/5/29 8:10,2025/5/29 16:20,1
grd_100613,Crew_12433,DOMU,2025/6/4 20:45,2025/6/5 0:45,1
grd_100614,Crew_12433,DOMU,2025/6/5 16:30,2025/6/5 20:30,1
grd_100615,Crew_12433,DOMU,2025/6/6 16:30,2025/6/6 20:30,1
grd_100616,Crew_12455,DOMU,2025/5/29 6:00,2025/5/29 10:00,1
grd_100617,Crew_12455,DOMU,2025/5/30 7:00,2025/5/30 9:00,1
grd_100618,Crew_12455,DOMU,2025/5/30 9:01,2025/5/30 11:00,1
grd_100619,Crew_12455,DOMU,2025/5/31 19:45,2025/5/31 21:45,1
grd_100620,Crew_12455,DOMU,2025/5/31 21:46,2025/5/31 23:45,1
grd_100621,Crew_12455,DOMU,2025/6/2 10:15,2025/6/2 14:15,1
grd_100622,Crew_12455,DOMU,2025/6/3 11:15,2025/6/3 13:15,1
grd_100623,Crew_12455,DOMU,2025/6/3 13:16,2025/6/3 15:15,1
grd_100624,Crew_12455,DOMU,2025/6/4 7:00,2025/6/4 9:00,1
grd_100625,Crew_12455,DOMU,2025/6/4 9:01,2025/6/4 11:00,1
grd_100626,Crew_12455,DOMU,2025/6/6 6:00,2025/6/6 10:00,1
grd_100627,Crew_12457,OXSQ,2025/6/3 0:00,2025/6/8 23:59,0
grd_100628,Crew_12457,OXSQ,2025/6/5 0:01,2025/6/5 23:59,0
grd_100629,Crew_12458,DOMU,2025/5/30 8:00,2025/5/30 15:30,1
grd_100630,Crew_12458,DOMU,2025/5/31 8:00,2025/5/31 17:30,1
grd_100631,Crew_12458,DOMU,2025/6/1 8:00,2025/6/1 17:30,1
grd_100632,Crew_12458,DOMU,2025/6/5 17:30,2025/6/5 20:30,1
grd_100633,Crew_12459,DOMU,2025/6/1 0:00,2025/6/3 23:59,0
grd_100634,Crew_12462,DOMU,2025/5/29 0:01,2025/5/30 23:59,0
grd_100635,Crew_12503,DOMU,2025/5/29 8:10,2025/5/29 17:30,1
grd_100636,Crew_12503,DOMU,2025/6/1 0:00,2025/6/8 23:59,0
grd_100637,Crew_12524,DOMU,2025/6/2 15:30,2025/6/2 17:30,1
grd_100638,Crew_12481,EYWR,2025/5/29 9:00,2025/5/29 16:00,0
grd_100639,Crew_12489,DOMU,2025/5/29 10:15,2025/5/29 14:15,1
grd_100640,Crew_12489,DOMU,2025/5/30 12:15,2025/5/30 16:15,1
grd_100641,Crew_12486,EYWR,2025/6/2 16:30,2025/6/2 20:30,1
grd_100642,Crew_12486,EYWR,2025/6/3 16:30,2025/6/3 20:30,1
grd_100643,Crew_12486,EYWR,2025/6/4 8:00,2025/6/4 12:00,1
grd_100644,Crew_12517,DOMU,2025/5/29 8:10,2025/5/29 17:30,1
grd_100645,Crew_12501,DOMU,2025/5/29 16:30,2025/5/29 20:30,1
grd_100646,Crew_12501,DOMU,2025/6/5 6:00,2025/6/5 12:00,1
grd_100647,Crew_12501,DOMU,2025/6/6 10:15,2025/6/6 16:15,1
grd_100648,Crew_12508,DOMU,2025/6/2 11:15,2025/6/2 15:15,1
grd_100649,Crew_12508,DOMU,2025/6/3 6:00,2025/6/3 10:00,1
grd_100650,Crew_12508,DOMU,2025/6/4 16:30,2025/6/4 20:30,1
grd_100651,Crew_12508,DOMU,2025/6/6 16:30,2025/6/6 22:30,1
grd_100652,Crew_12510,DOMU,2025/5/29 8:10,2025/5/29 17:30,1
grd_100653,Crew_12510,DOMU,2025/6/1 0:00,2025/6/3 23:59,0
grd_100654,Crew_11278,DOMU,2025/6/4 12:15,2025/6/4 15:15,1
grd_100655,Crew_11278,DOMU,2025/6/5 20:45,2025/6/6 0:45,1
grd_100656,Crew_11278,DOMU,2025/6/6 20:45,2025/6/7 0:45,1
grd_100657,Crew_12509,EYWR,2025/6/1 6:00,2025/6/1 12:00,1
grd_100658,Crew_12509,EYWR,2025/6/2 12:15,2025/6/2 18:15,1
grd_100659,Crew_12509,EYWR,2025/6/3 18:30,2025/6/4 0:30,1
grd_100660,Crew_12509,EYWR,2025/6/6 6:00,2025/6/6 12:00,1
grd_100661,Crew_11321,DOMU,2025/5/30 10:15,2025/5/30 16:15,1
grd_100662,Crew_11284,DOMU,2025/5/29 0:05,2025/5/29 23:59,0
grd_100663,Crew_11284,DOMU,2025/6/3 0:01,2025/6/4 23:59,0
grd_100664,Crew_11288,DOMU,2025/6/1 12:15,2025/6/1 18:15,1
grd_100665,Crew_11288,DOMU,2025/6/2 12:15,2025/6/2 16:15,1
grd_100666,Crew_11288,DOMU,2025/6/3 6:00,2025/6/3 10:00,1
grd_100667,Crew_11288,DOMU,2025/6/4 10:15,2025/6/4 14:15,1
grd_100668,Crew_12605,DOMU,2025/5/31 19:45,2025/5/31 23:45,1
grd_100669,Crew_12605,DOMU,2025/6/1 16:30,2025/6/1 20:30,1
grd_100670,Crew_12605,DOMU,2025/6/2 11:15,2025/6/2 15:15,1
grd_100671,Crew_11293,DOMU,2025/5/29 0:00,2025/5/29 23:59,0
grd_100672,Crew_11294,DOMU,2025/5/30 10:15,2025/5/30 16:15,1
grd_100673,Crew_12539,DOMU,2025/6/3 8:01,2025/6/3 17:02,0
grd_100674,Crew_12539,DOMU,2025/6/4 8:01,2025/6/4 17:02,0
grd_100675,Crew_11297,DOMU,2025/6/5 15:30,2025/6/5 19:30,1
grd_100676,Crew_11297,DOMU,2025/6/6 6:00,2025/6/6 10:00,1
grd_100677,Crew_12552,DOMU,2025/6/6 20:45,2025/6/7 0:45,1
grd_100678,Crew_12580,DOMU,2025/5/29 5:00,2025/5/29 18:59,1
grd_100679,Crew_12580,DOMU,2025/6/3 10:15,2025/6/3 14:15,1
grd_100680,Crew_12580,DOMU,2025/6/4 7:00,2025/6/4 11:00,1
grd_100681,Crew_12580,DOMU,2025/6/5 16:30,2025/6/5 20:30,1
grd_100682,Crew_12555,DOMU,2025/5/29 9:45,2025/5/29 13:45,1
grd_100683,Crew_12555,DOMU,2025/5/30 8:10,2025/5/30 16:20,1
grd_100684,Crew_12587,DOMU,2025/5/29 0:00,2025/5/29 23:59,0
grd_100685,Crew_12582,DOMU,2025/6/5 8:00,2025/6/5 10:00,1
